,Title,Author,Votes,Number of Comments,Upvote Ratio,Stickied,Flair,Distinguished,Permalink,URL
0,The Work,casstastropheeee,222,19,0.99,False,Art,,/r/Ayahuasca/comments/aat9x5/the_work/,https://i.redd.it/ubqr3sgrsc721.jpg
1,The Shamanic black sheep. Does anyone relate to this?,thorgal256,158,12,0.96,False,Fluff,,/r/Ayahuasca/comments/a0770w/the_shamanic_black_sheep_does_anyone_relate_to/,https://i.redd.it/3t161lbf2g021.jpg
2,To keep you laughing :),theCLK,154,7,0.99,False,Fluff,,/r/Ayahuasca/comments/aex1lf/to_keep_you_laughing/,https://i.redd.it/twxue5a6mt921.jpg
3,When you have a deep challenging ceremony,ayaruna,151,5,0.97,False,Fluff,,/r/Ayahuasca/comments/a32v45/when_you_have_a_deep_challenging_ceremony/,https://i.redd.it/sg850ueora221.jpg
4,Haha,mrblahblahblah,137,10,0.89,False,Fluff,,/r/Ayahuasca/comments/bp0g5r/haha/,https://i.redd.it/eu7xo7hmoey21.jpg
5,The Role of Art in Bringing the Global Ayahuasca Community Together (link in comments),ICEERS_official,134,6,1.0,False,Art,,/r/Ayahuasca/comments/bhk45c/the_role_of_art_in_bringing_the_global_ayahuasca/,https://i.redd.it/ei48m9tjoku21.jpg
6,ðŸ”¥ The royal moth caterpillar AKA Shaman caterpillar ðŸ”¥,psilocindream,130,1,0.97,False,Fluff,,/r/Ayahuasca/comments/9n0s9c/the_royal_moth_caterpillar_aka_shaman_caterpillar/,https://i.redd.it/mt4d9v3ouc511.jpg
7,I tried to illustrate my experience,nasavranitas,130,17,0.99,False,Art,,/r/Ayahuasca/comments/bfvdk9/i_tried_to_illustrate_my_experience/,https://i.redd.it/ky74sc17hpt21.jpg
8,"We are all one, everything is connected",Gobbledygooktimes,124,15,0.99,False,Art,,/r/Ayahuasca/comments/bc98o7/we_are_all_one_everything_is_connected/,http://imgur.com/qohOppg.jpg
9,"Ayahuasca fixings found in 1,000-year-old Andean sacred bundle. New evidence that the mind-blowing brew goes back millennia.",ClarendonDrive,122,11,0.99,False,Miscellaneous,,/r/Ayahuasca/comments/blgbhi/ayahuasca_fixings_found_in_1000yearold_andean/,https://news.berkeley.edu/2019/05/06/ayahuasca-sacred-bundle/
10,Please Support Psychedelic Decriminalization in Oakland,Ayahuasca-Community,120,0,1.0,False,Miscellaneous,,/r/Ayahuasca/comments/bqy8pl/please_support_psychedelic_decriminalization_in/,https://chacruna.net/please-support-psychedelic-decriminalization-in-oakland/
11,An ayahuasca painting in Peru,serotoninluv,116,16,0.98,False,Art,,/r/Ayahuasca/comments/as4quo/an_ayahuasca_painting_in_peru/,https://i.redd.it/cook0bn3hfh21.jpg
12,Thirty year old ayahuasca vine with some friends...,tannercarlos,110,7,0.99,False,,,/r/Ayahuasca/comments/8vfeod/thirty_year_old_ayahuasca_vine_with_some_friends/,https://i.redd.it/preobtbjbg711.jpg
13,Hi!. I present one of my works. Theia. Mother of Helios. I hope you liked!,SurrealNautilus,108,9,1.0,False,Art,,/r/Ayahuasca/comments/9vpgke/hi_i_present_one_of_my_works_theia_mother_of/,https://i.redd.it/ymtzkjvxemt11.png
14,'Shaman',babygotbrains,110,4,0.98,False,Art,,/r/Ayahuasca/comments/axt6ja/shaman/,https://i.redd.it/uwahzf2wn9k21.jpg
15,Message from ceremony this weekend,bendistraw,108,4,0.98,False,,,/r/Ayahuasca/comments/aueic4/message_from_ceremony_this_weekend/,https://i.redd.it/an2hgpd0xli21.jpg
16,I was hospitalized after an intense bad trip (psychotic episode),Valladita,106,87,0.98,False,Dark Side of Ayahuasca,,/r/Ayahuasca/comments/b8b9o4/i_was_hospitalized_after_an_intense_bad_trip/,https://www.reddit.com/r/Ayahuasca/comments/b8b9o4/i_was_hospitalized_after_an_intense_bad_trip/
17,Ayahuasca inspired art I did.,bitchinbaja,103,4,1.0,False,Miscellaneous,,/r/Ayahuasca/comments/b0hgjs/ayahuasca_inspired_art_i_did/,https://i.redd.it/570lloqs7tl21.jpg
18,Animated my art,bitchinbaja,105,9,0.97,False,Art,,/r/Ayahuasca/comments/b8vi4n/animated_my_art/,https://v.redd.it/qmz7tu3bk0q21
19,Brazil is giving prisoners Ayahuasca as part of their rehab,clueso87,104,2,0.96,False,,,/r/Ayahuasca/comments/7glas3/brazil_is_giving_prisoners_ayahuasca_as_part_of/,https://www.salon.com/2017/11/27/brazil-is-giving-prisoners-ayahuasca-as-part-of-their-rehab_partner/
20,"Emotions: Depression, Acrylic, 18x24cm",vaidab,101,7,0.99,False,Art,,/r/Ayahuasca/comments/als9dl/emotions_depression_acrylic_18x24cm/,https://i.redd.it/3pz20eznrsd21.jpg
21,My original Alfredo Zagaceta painting from my last ceremony.,RedwoodsInSpace,100,17,1.0,False,Art,,/r/Ayahuasca/comments/99jo4j/my_original_alfredo_zagaceta_painting_from_my/,https://i.redd.it/1s0l5ldmarh11.jpg
22,"Childhood trauma, Acrylic",vaidab,93,15,0.97,False,Art,,/r/Ayahuasca/comments/bpi0ad/childhood_trauma_acrylic/,https://i.redd.it/kvucs94ezmy21.jpg
23,Preparing fire for my Ayahausca brew. Send some good vibes.,newengland5,94,10,1.0,False,Fluff,,/r/Ayahuasca/comments/bohx69/preparing_fire_for_my_ayahausca_brew_send_some/,https://i.redd.it/yoyjmi2z06y21.jpg
24,My core shaking experience.,strong-coffee,92,28,1.0,False,I had a difficult trip. Need help & advice!,,/r/Ayahuasca/comments/b5jc1s/my_core_shaking_experience/,https://www.reddit.com/r/Ayahuasca/comments/b5jc1s/my_core_shaking_experience/
25,An atheist experiences God,cottonpicker2,87,33,0.97,False,,,/r/Ayahuasca/comments/8zbuwr/an_atheist_experiences_god/,https://www.reddit.com/r/Ayahuasca/comments/8zbuwr/an_atheist_experiences_god/
26,Anger,dyllionaire777,83,8,0.98,False,Trip Report / Personal Experience,,/r/Ayahuasca/comments/ai3hof/anger/,https://www.reddit.com/r/Ayahuasca/comments/ai3hof/anger/
27,My personal experience visualized,mangoed,80,13,0.98,False,Art,,/r/Ayahuasca/comments/anqe86/my_personal_experience_visualized/,https://i.redd.it/9mvegq5x2ye21.jpg
28,"/r/depression deleted my post about ayahuasca curing my depression, so I made something a little more up Reddit's alley.",ahamvritti,83,18,0.91,False,,,/r/Ayahuasca/comments/1wfrbd/rdepression_deleted_my_post_about_ayahuasca/,http://imgur.com/aG8X9x3
29,Hand of Knowledge,Gobbledygooktimes,84,4,0.96,False,Art,,/r/Ayahuasca/comments/bd9tad/hand_of_knowledge/,http://imgur.com/H6fmWvC.jpg
30,"Artwork in Zygo Cafe in Tarapoto, Peru.",swiskowski,78,13,1.0,False,Art,,/r/Ayahuasca/comments/bp5lu8/artwork_in_zygo_cafe_in_tarapoto_peru/,https://i.redd.it/243asj4zrgy21.jpg
31,The Lady - fractal art representing the spirit of Ayahuasca,Can1s,75,0,0.99,False,Art,,/r/Ayahuasca/comments/b98tcb/the_lady_fractal_art_representing_the_spirit_of/,https://i.redd.it/ne002ejxp6q21.jpg
32,"Psychedelic ayahuasca works against severe depression, study finds | CNN",lavransson,75,5,0.97,False,Health Related Issue,,/r/Ayahuasca/comments/8vrlh4/psychedelic_ayahuasca_works_against_severe/,https://www.cnn.com/2018/07/03/health/ayahuasca-depression-study-partner/index.html
33,The beauty of singing a song for someone,ayaruna,77,3,0.97,False,Fluff,,/r/Ayahuasca/comments/b9t55i/the_beauty_of_singing_a_song_for_someone/,https://v.redd.it/z4wvtt90xcq21
34,"Report of first ever ayahuasca experience and most surreal nights of my life. She said to me at the beginning, ""Iâ€™m going to take you for a ride. Just trust me.""",mad_bad_dangerous,76,32,0.98,False,,,/r/Ayahuasca/comments/772gfc/report_of_first_ever_ayahuasca_experience_and/,https://www.reddit.com/r/Ayahuasca/comments/772gfc/report_of_first_ever_ayahuasca_experience_and/
35,If you want a beautiful trip why not start with a beautiful crystal,Oshino_Meme,73,11,0.97,False,Fluff,,/r/Ayahuasca/comments/bghygq/if_you_want_a_beautiful_trip_why_not_start_with_a/,https://i.redd.it/4yp0v0t5c1u21.jpg
36,Another Alfredo Zagaceta original I aquired!,RedwoodsInSpace,77,10,0.99,False,Art,,/r/Ayahuasca/comments/9aca90/another_alfredo_zagaceta_original_i_aquired/,https://i.redd.it/s3imw4i4lci11.jpg
37,My Ayahuasca trip report - an experience that is in a league of its own compared to other psychedelics,Im_with_crazy,76,5,1.0,False,,,/r/Ayahuasca/comments/60j4vf/my_ayahuasca_trip_report_an_experience_that_is_in/,https://www.reddit.com/r/Ayahuasca/comments/60j4vf/my_ayahuasca_trip_report_an_experience_that_is_in/
38,My caapi is eating my house!,rebilletlovechild,71,22,0.95,False,Fluff,,/r/Ayahuasca/comments/awrm4b/my_caapi_is_eating_my_house/,https://i.redd.it/1of2k937ruj21.jpg
39,"Today I made my Ayahuasca Retreat savings box! I know that this is the next big move in my life so now, I am working towards making it a reality. Canâ€™t wait to fill this lil cutie up! Would love any advice or preparation tips you feel like sharing (:",raeofsunshine22,74,30,0.96,False,Art,,/r/Ayahuasca/comments/a370ed/today_i_made_my_ayahuasca_retreat_savings_box_i/,https://i.redd.it/tk874w7uxc221.jpg
40,Cosmic serpent..,19flash92,72,10,0.93,False,Fluff,,/r/Ayahuasca/comments/819ltk/cosmic_serpent/,https://i.redd.it/on5d7mh8f8j01.jpg
41,We Need to Talk About When People Feel Worse After Ayahuasca,Samwise2512,69,26,0.97,False,Dark Side of Ayahuasca,,/r/Ayahuasca/comments/binoo8/we_need_to_talk_about_when_people_feel_worse/,https://kahpi.net/after-ayahuasca-trauma-integration/
42,How Ayahuasca cured my chronic depression and changed my worldview (for the better),JasonMGlover_author,67,36,0.98,False,Success Story,,/r/Ayahuasca/comments/a5n6lz/how_ayahuasca_cured_my_chronic_depression_and/,https://medium.com/@JasonMGlover/out-of-the-jungle-f76c1ccb209f
43,My sister does ayahuasca ceremonies regularly. Her personality seems changed for the worse.,Mimz123456,68,56,0.99,False,Dark Side of Ayahuasca,,/r/Ayahuasca/comments/9qavwh/my_sister_does_ayahuasca_ceremonies_regularly_her/,https://www.reddit.com/r/Ayahuasca/comments/9qavwh/my_sister_does_ayahuasca_ceremonies_regularly_her/
44,This hand stitched hood I have! Was told it was an aya prayer or song.,SerVinSwerVin,69,15,0.98,False,Art,,/r/Ayahuasca/comments/bie2q8/this_hand_stitched_hood_i_have_was_told_it_was_an/,https://v.redd.it/oao8pna9p1v21
45,"Amazon rainforest defender and Shaman, Olivia ArÃ©valo Lomas, assassinated in Peru.",peacelovearizona,67,27,0.98,False,Dark Side of Ayahuasca,,/r/Ayahuasca/comments/8e2236/amazon_rainforest_defender_and_shaman_olivia/,https://www.dailykos.com/stories/2018/4/21/1758866/-Amazon-rainforest-defender-and-Shaman-Olivia-Ar-valo-Lomas-assassinated-in-Peru
46,My experience as someone with Borderline Personality Disorder,ayaBPD,63,15,0.96,False,Trip Report / Personal Experience,,/r/Ayahuasca/comments/9opq8o/my_experience_as_someone_with_borderline/,https://www.reddit.com/r/Ayahuasca/comments/9opq8o/my_experience_as_someone_with_borderline/
47,Visuals reminiscent of Ayahuasca,dextercool,64,3,0.97,False,Art,,/r/Ayahuasca/comments/9vaeo9/visuals_reminiscent_of_ayahuasca/,https://v.redd.it/rk9n7oxi60x11
48,DO NOT go to Soulquest Ayahuasca Church in Orlando.,HoMaster,57,42,0.94,False,,,/r/Ayahuasca/comments/6p8rhu/do_not_go_to_soulquest_ayahuasca_church_in_orlando/,https://www.reddit.com/r/Ayahuasca/comments/6p8rhu/do_not_go_to_soulquest_ayahuasca_church_in_orlando/
49,Largest ayahuasca study ever reveals its psychological benefits including treating alcoholism and depression,,58,3,0.95,False,,,/r/Ayahuasca/comments/7dciql/largest_ayahuasca_study_ever_reveals_its/,https://www.situationnine.com/essays/2017/11/16/new-ayahuasca-study-reveals-its-psychological-benefits
50,"TIL: Ayatollah Rohani, one of the highest religous authorites for Shia Muslims has issued an edict which deems Ayahuasca to be Halal(permissable).",Redditron5,59,34,0.95,False,,,/r/Ayahuasca/comments/3u19oi/til_ayatollah_rohani_one_of_the_highest_religous/,http://realitysandwich.com/219826/ayahuasca-and-the-godhead-an-interview-with-wahid-azal-of-the-the-fatimiya-sufi-order/
51,Work in progress :),Gobbledygooktimes,56,15,0.92,False,Art,,/r/Ayahuasca/comments/bnkjtw/work_in_progress/,http://imgur.com/Qc0kyCK.jpg
52,How I lost my rope and ended up hospitalized after an Ayahuasca Retreat,zooft,58,40,0.96,False,Dark Side of Ayahuasca,,/r/Ayahuasca/comments/8t8p39/how_i_lost_my_rope_and_ended_up_hospitalized/,https://www.reddit.com/r/Ayahuasca/comments/8t8p39/how_i_lost_my_rope_and_ended_up_hospitalized/
53,Westerners and the belief that ayahuasca is a cure all,Squirmme,57,45,0.91,False,Dark Side of Ayahuasca,,/r/Ayahuasca/comments/bhzis4/westerners_and_the_belief_that_ayahuasca_is_a/,https://www.reddit.com/r/Ayahuasca/comments/bhzis4/westerners_and_the_belief_that_ayahuasca_is_a/
54,A representation of what it felt like during my Ayahuasca tripðŸ‘€,coraleelulu,58,7,0.95,False,,,/r/Ayahuasca/comments/7pingw/a_representation_of_what_it_felt_like_during_my/,https://i.redd.it/ckuevii00b901.jpg
55,"Emotions: Pretending to be happy, Acrylic, 18x24cm",vaidab,55,0,0.96,False,Art,,/r/Ayahuasca/comments/amfm75/emotions_pretending_to_be_happy_acrylic_18x24cm/,https://i.redd.it/yjmotgx8m6e21.jpg
56,Why is there so much evil? Machine elves explain,434_am,54,3,0.93,False,Trip Report / Personal Experience,,/r/Ayahuasca/comments/ahglmo/why_is_there_so_much_evil_machine_elves_explain/,https://youtu.be/OgmpJR13y5g
57,Unwanted sexual advances during ceremony arranged by Manaus Jungle Tours / Amazing Tours Agency,femaletraveler2016,56,31,0.97,False,,,/r/Ayahuasca/comments/5etdc1/unwanted_sexual_advances_during_ceremony_arranged/,https://www.reddit.com/r/Ayahuasca/comments/5etdc1/unwanted_sexual_advances_during_ceremony_arranged/
58,Be careful who you sit with,ayaruna,55,42,0.92,False,,,/r/Ayahuasca/comments/b2zp20/be_careful_who_you_sit_with/,https://www.reddit.com/r/Ayahuasca/comments/b2zp20/be_careful_who_you_sit_with/
59,Fun fact: the psychedelically beautiful Passionflower contains the MAOIs Harmaline and Harmine,TwoMeatOneChee,53,12,0.99,False,,,/r/Ayahuasca/comments/b1tu0t/fun_fact_the_psychedelically_beautiful/,https://www.reddit.com/r/Ayahuasca/comments/b1tu0t/fun_fact_the_psychedelically_beautiful/
60,Off to Peru,snefferu,52,14,0.97,False,Fluff,,/r/Ayahuasca/comments/bjsyui/off_to_peru/,https://www.reddit.com/r/Ayahuasca/comments/bjsyui/off_to_peru/
61,"""Wait, that guy was me?!"" First ceremony report.",MauroLopes,49,22,0.98,False,Trip Report / Personal Experience,,/r/Ayahuasca/comments/aoz6eq/wait_that_guy_was_me_first_ceremony_report/,https://www.reddit.com/r/Ayahuasca/comments/aoz6eq/wait_that_guy_was_me_first_ceremony_report/
62,"For the first time since the Parliament of the World's Religions began in 1893, a historic congregation of indigenous, Daime and other ayahuasca lineages attended this global interfaith gathering.",ICEERS_official,52,0,0.97,False,Miscellaneous,,/r/Ayahuasca/comments/advuij/for_the_first_time_since_the_parliament_of_the/,http://news.iceers.org/2019/01/ayahuasca-spiritualities-at-the-parliament-of-the-worlds-religions/
63,Love explained by machine elves. The most important message of all.,434_am,50,48,0.89,False,Trip Report / Personal Experience,,/r/Ayahuasca/comments/aafxkg/love_explained_by_machine_elves_the_most/,https://youtu.be/OS1WY5jFSEM
64,For Saint PatrickÂ´s Day: A lovely crop of Banesteriopsis caapi,casapulapula,51,1,1.0,False,,,/r/Ayahuasca/comments/853oze/for_saint_patricks_day_a_lovely_crop_of/,https://i.imgur.com/t6tRpzz.jpg
65,"Why I Quit Ayahuasca Shamanism After 11 Years and 1,000 Ceremonies",StonerMeditation,52,20,0.98,False,,,/r/Ayahuasca/comments/5y2e9x/why_i_quit_ayahuasca_shamanism_after_11_years_and/,https://www.afterlife.coach/after-life-blog/2017/3/4/why-i-quit-ayahuasca-shamanism
66,Scientists Gave Monkeys Ayahuasca and It Helped Their Depression,natsfork,51,11,1.0,False,,,/r/Ayahuasca/comments/87vyw1/scientists_gave_monkeys_ayahuasca_and_it_helped/,http://blogs.discovermagazine.com/d-brief/2018/03/02/scientists-gave-monkeys-ayahuasca-and-it-helped-their-depression/#.WrwOrNPwYlI
67,We should show our gratitude to mother nature giving us ayahuasca by finding ways to stop the deforestation of the Amazon forest before it is too late,5hr00m,49,7,0.95,False,,,/r/Ayahuasca/comments/6zw4tb/we_should_show_our_gratitude_to_mother_nature/,http://www.independent.co.uk/environment/amazon-new-species-discover-rainforest-south-america-deforestation-jungle-a7921641.html
68,"AyaAdvisor.org, a nonprofit ""Trip Advisor"" for ayahuasca retreats.",MeTHoDx,51,8,0.98,False,,,/r/Ayahuasca/comments/1v4r8a/ayaadvisororg_a_nonprofit_trip_advisor_for/,http://ayaadvisor.org
69,Broccoli anyone?,BeefSmackaho,51,6,0.98,False,Art,,/r/Ayahuasca/comments/bdyheb/broccoli_anyone/,https://v.redd.it/gcjtx3zymos21
70,"After ayahuasca, I realized my marriage was over",inn0c3nt_bystand3r,50,18,0.92,False,,,/r/Ayahuasca/comments/70i2jv/after_ayahuasca_i_realized_my_marriage_was_over/,https://www.reddit.com/r/Ayahuasca/comments/70i2jv/after_ayahuasca_i_realized_my_marriage_was_over/
71,Santo Daime Church - CÃ©u do Vale,PeriloAmbrosio,46,34,0.96,False,Fluff,,/r/Ayahuasca/comments/blzt6o/santo_daime_church_cÃ©u_do_vale/,https://imgur.com/x1Ai4vr
72,Ayahuasca retreat suicides - We need to do better,NicaraguaNova,51,35,0.97,False,Dark Side of Ayahuasca,,/r/Ayahuasca/comments/bd1avb/ayahuasca_retreat_suicides_we_need_to_do_better/,https://youtu.be/gvShu0lxlOw
73,Ayahuasca Study Shows Huge Potential To Treat Severe Depression (Study),Samwise2512,49,7,0.99,False,Miscellaneous,,/r/Ayahuasca/comments/aqz0ar/ayahuasca_study_shows_huge_potential_to_treat/,http://reset.me/story/ayahuasca-shows-huge-potential-to-treat-severe-depression/?fbclid=IwAR0Zcqh5nsc-4B6y_Fjqrnxi2Ma6g6BMG-me8EXm9gc7SRutA5b9q96881c
74,It always amazes me.,space_ape71,48,8,0.95,False,Fluff,,/r/Ayahuasca/comments/9w1ng2/it_always_amazes_me/,https://www.reddit.com/r/Ayahuasca/comments/9w1ng2/it_always_amazes_me/
75,The Onion: Ayahuasca Shaman Dreading Another Week Of Guiding Tech CEOs To Spiritual Oneness,memitto,49,3,0.98,False,,,/r/Ayahuasca/comments/4jtte4/the_onion_ayahuasca_shaman_dreading_another_week/,http://www.theonion.com/article/ayahuasca-shaman-dreading-another-week-guiding-tec-52941
76,"A Skeptics Aya Journey in Iquitos, Peru - Pointless Podcast",acorea,47,5,0.94,False,,,/r/Ayahuasca/comments/2pe4br/a_skeptics_aya_journey_in_iquitos_peru_pointless/,http://youtu.be/Bq6e8w5D6Ow?t=17m12s
77,My friend and I made a subreddit for people struggling with integration/questions about ayahuasca and other psychedelics.,wingedmongoose,47,11,0.95,False,Miscellaneous,,/r/Ayahuasca/comments/beebfb/my_friend_and_i_made_a_subreddit_for_people/,https://www.reddit.com/r/Ayahuasca/comments/beebfb/my_friend_and_i_made_a_subreddit_for_people/
78,Why is Ayahuasca beautiful?,londonreal,50,3,0.92,False,Miscellaneous,,/r/Ayahuasca/comments/b55kns/why_is_ayahuasca_beautiful/,https://www.youtube.com/watch?v=48dVIhXdoTc
79,H3 podcast interview with Michael Stevens about Ayahuasca and his experience. Very progressive and articulate,cross-mymind,47,12,0.94,False,Miscellaneous,,/r/Ayahuasca/comments/add3zn/h3_podcast_interview_with_michael_stevens_about/,https://youtu.be/3eP8yDXHn1o
80,My Ayahuasca Journey â€“ A Life Changing Experience (pretty badass post),Yulister,51,11,0.92,False,Success Story,,/r/Ayahuasca/comments/abm9j0/my_ayahuasca_journey_a_life_changing_experience/,https://iamru.me/ayahuasca-life-changing-experience/
81,Moments of my journey aboard the serpentine shuttle flying through higher dimensions looked kinda this.,mad_bad_dangerous,46,1,1.0,False,Art,,/r/Ayahuasca/comments/a2it4r/moments_of_my_journey_aboard_the_serpentine/,https://v.redd.it/0jbfl0qz7v121
82,"This Seed of Life was on the floor of the little temple where I had my first Ayahuasca experience. However, it was not the first time I saw the floor. I had seen it three years earlier in a dream; I was so impacted that I got the Seed of Life tattooed on my chest.",Love_And_Light33,49,4,0.96,False,Art,,/r/Ayahuasca/comments/9xh1by/this_seed_of_life_was_on_the_floor_of_the_little/,https://m.imgur.com/a/KnlTzbQ
83,An ayahuasca painting in Peru,serotoninluv,48,6,0.96,False,,,/r/Ayahuasca/comments/6g9pt6/an_ayahuasca_painting_in_peru/,https://i.redd.it/bk0fpfhkin2z.jpg
84,I'm bipolar and I went on my first Ayahuasca journey,sigurbodi91,49,17,0.98,False,Success Story,,/r/Ayahuasca/comments/9r46y8/im_bipolar_and_i_went_on_my_first_ayahuasca/,https://www.reddit.com/r/Ayahuasca/comments/9r46y8/im_bipolar_and_i_went_on_my_first_ayahuasca/
85,Ayahuasca truly changed my life.,fetch01,48,18,0.99,False,Success Story,,/r/Ayahuasca/comments/952pxp/ayahuasca_truly_changed_my_life/,https://www.reddit.com/r/Ayahuasca/comments/952pxp/ayahuasca_truly_changed_my_life/
86,Take 20 minutes to help make psychedelics medicinally legal,rafiki_stonedape,49,6,0.91,False,,,/r/Ayahuasca/comments/8rfaua/take_20_minutes_to_help_make_psychedelics/,https://www.reddit.com/r/Ayahuasca/comments/8rfaua/take_20_minutes_to_help_make_psychedelics/
87,"I've lived in the Amazon since 2004, working and studying with indigenous shaman and ayahuasca. Ask me anything!",tannercarlos,45,69,0.95,False,,,/r/Ayahuasca/comments/6qwut6/ive_lived_in_the_amazon_since_2004_working_and/,https://www.reddit.com/r/Ayahuasca/comments/6qwut6/ive_lived_in_the_amazon_since_2004_working_and/
88,On the dangers of doing ayahuasca solo.,wingedmongoose,47,22,0.93,False,,,/r/Ayahuasca/comments/aqj4n9/on_the_dangers_of_doing_ayahuasca_solo/,https://www.reddit.com/r/Ayahuasca/comments/aqj4n9/on_the_dangers_of_doing_ayahuasca_solo/
89,Everything I've learnt from 60+ Ayahuasca ceremonies,MichaelLifeLessons,46,31,0.93,False,Success Story,,/r/Ayahuasca/comments/a45ivu/everything_ive_learnt_from_60_ayahuasca_ceremonies/,https://lifelessons.co/spirituality/ayahuasca/
90,Should be in /r/aww but they wouldnâ€™t get it. Started a side gardening project ðŸ˜Š,westside234,47,7,0.95,False,,,/r/Ayahuasca/comments/8m68sc/should_be_in_raww_but_they_wouldnt_get_it_started/,https://i.imgur.com/0OsSdrG.jpg
91,Drew a picture of my 1st Aya vision in Colombia. I'm not an artist but wanted to share it.,mhobdog,46,9,0.96,False,,,/r/Ayahuasca/comments/6lw49f/drew_a_picture_of_my_1st_aya_vision_in_colombia/,https://i.redd.it/orchggtm388z.jpg
92,Ayahuasca has changed my life!,QueenFireball,42,11,0.91,False,,,/r/Ayahuasca/comments/67kip3/ayahuasca_has_changed_my_life/,https://i.redd.it/t4l688jvfsty.jpg
93,New doodle :),Gobbledygooktimes,42,7,0.97,False,Art,,/r/Ayahuasca/comments/bl5b7m/new_doodle/,http://imgur.com/RrNn4ie.jpg
94,Long term core being changes from ayahuasca?,lavransson,44,27,0.97,False,Success Story,,/r/Ayahuasca/comments/b6yk1m/long_term_core_being_changes_from_ayahuasca/,https://www.reddit.com/r/Ayahuasca/comments/b6yk1m/long_term_core_being_changes_from_ayahuasca/
95,Ayahuasca Microdose: The World a Palace,BirdsOnMars,42,35,0.86,False,Fluff,,/r/Ayahuasca/comments/ag5v6s/ayahuasca_microdose_the_world_a_palace/,https://i.redd.it/x3sk5e5ucja21.jpg
96,"Alex Grey: ""What better way to ease back into the Web of Life than through plants. The plants are talking to us, we need to listen.""",mad_bad_dangerous,45,0,1.0,False,,,/r/Ayahuasca/comments/8nq7pd/alex_grey_what_better_way_to_ease_back_into_the/,https://www.youtube.com/watch?v=_s376qEZGY0&feature=youtu.be
97,Incredible. Incredible! Trip report,tmpayahuasca,43,20,0.96,False,Trip Report / Personal Experience,,/r/Ayahuasca/comments/bqtb7v/incredible_incredible_trip_report/,https://www.reddit.com/r/Ayahuasca/comments/bqtb7v/incredible_incredible_trip_report/
98,My First Ayahausca Experience Yesterday: A Full Breakdown,Xatos1337,43,17,0.97,False,Trip Report / Personal Experience,,/r/Ayahuasca/comments/boavng/my_first_ayahausca_experience_yesterday_a_full/,https://www.reddit.com/r/Ayahuasca/comments/boavng/my_first_ayahausca_experience_yesterday_a_full/
99,It Starts Within,casstastropheeee,45,1,0.91,False,Fluff,,/r/Ayahuasca/comments/ac9s9g/it_starts_within/,https://i.redd.it/ui48kvf1p9821.jpg
